Code,Name,Date of Birth,Email,Home address
0,Aili,24/04/1966,Aili@gmail.com,Anadyr (town)
1,Roberta,01/04/1917,Roberta@gmail.com,Asmara
2,Oralee,18/10/1943,Oralee@gmail.com,Avarua
3,Jennica,27/09/1980,Jennica@gmail.com,Casablanca
4,Max,28/11/1926,Max@gmail.com,Cusco
5,Verla,08/03/1972,Verla@gmail.com,Cuiabá
6,Helsa,23/02/1965,Helsa@gmail.com,Mogadishu
7,Desirae,08/01/1961,Desirae@gmail.com,Tunis
8,Mathilda,11/07/1947,Mathilda@gmail.com,Tiraspol
9,Marguerite,11/08/1967,Marguerite@gmail.com,Simferopol
10,Bernardine,15/09/1906,Bernardine@gmail.com,Lviv
11,Annice,21/05/1915,Annice@gmail.com,Bangkok
12,Lindie,06/06/1945,Lindie@gmail.com,Nassau
13,Wanda,15/09/1952,Wanda@gmail.com,Alexandria
14,Mireielle,28/11/1956,Mireielle@gmail.com,Cusco
15,Courtnay,24/05/1962,Courtnay@gmail.com,Prague
16,Elfreda,20/02/1922,Elfreda@gmail.com,Shenyang
17,Shaine,30/07/1931,Shaine@gmail.com,San Antonio
18,Mary,09/04/1947,Mary@gmail.com,El Paso
19,Marti,22/09/1937,Marti@gmail.com,Dubai
20,Linzy,28/08/1906,Linzy@gmail.com,Enugu
21,Marleah,31/03/2019,Marleah@gmail.com,Mwanza
22,Tera,06/09/1903,Tera@gmail.com,Wichita
23,Estell,10/03/1939,Estell@gmail.com,Mwanza
24,Corene,30/04/2003,Corene@gmail.com,Buenos Aires
25,Sharai,03/09/1957,Sharai@gmail.com,Abu Dhabi
26,Linet,28/01/1901,Linet@gmail.com,Darwin
27,Sophia,07/08/1915,Sophia@gmail.com,Thessaloniki
28,Sissy,17/01/2002,Sissy@gmail.com,Kano
29,Kristina,12/04/1925,Kristina@gmail.com,Thessaloniki
30,Adele,28/01/2015,Adele@gmail.com,Anchorage
31,Fidelia,21/11/1998,Fidelia@gmail.com,Warsaw
32,Madeleine,06/01/2018,Madeleine@gmail.com,Colombo
33,Clary,04/09/2009,Clary@gmail.com,Basra
34,Joane,13/03/2000,Joane@gmail.com,Djibouti (city)
35,Eve,13/11/1955,Eve@gmail.com,Gibraltar
36,Sashenka,16/12/1953,Sashenka@gmail.com,Hamilton
37,Raf,01/06/1966,Raf@gmail.com,Kharkiv
38,Elka,25/07/1914,Elka@gmail.com,Puebla
39,Cacilie,31/08/1956,Cacilie@gmail.com,Ibiza
40,Glynnis,12/08/1967,Glynnis@gmail.com,La Paz
41,Tobe,24/07/1991,Tobe@gmail.com,Namangan
42,Janis,30/10/1905,Janis@gmail.com,Surabaya
43,Nariko,07/10/1933,Nariko@gmail.com,Pittsburgh
44,Larine,13/04/2006,Larine@gmail.com,Jamestown
45,Lanae,01/07/1909,Lanae@gmail.com,San Salvador
46,Bernie,23/09/1999,Bernie@gmail.com,Port-au-Prince
47,Elvira,29/03/1955,Elvira@gmail.com,Wonsan
48,Correy,14/01/1928,Correy@gmail.com,Bandung
49,Chloris,22/12/1991,Chloris@gmail.com,Atlanta
50,Fred,12/12/1986,Fred@gmail.com,Houston
51,Lisette,17/05/1915,Lisette@gmail.com,Boston
52,Glynnis,01/07/1976,Glynnis@gmail.com,Lobamba
53,Genevra,01/03/1903,Genevra@gmail.com,The Valley
54,Carmela,03/06/1964,Carmela@gmail.com,Iloilo City
55,Liana,17/07/1991,Liana@gmail.com,Rosario
56,Nickie,21/04/1905,Nickie@gmail.com,Santiago de Cuba
57,Tybie,28/02/1965,Tybie@gmail.com,Willemstad
58,Rochette,04/07/1940,Rochette@gmail.com,Boa Vista
59,Marcelline,14/09/2000,Marcelline@gmail.com,Nassau
60,Christal,25/06/1918,Christal@gmail.com,Antofagasta
61,Chrystel,06/06/1987,Chrystel@gmail.com,Düsseldorf
62,Frieda,04/01/1945,Frieda@gmail.com,Medina
63,Marti,15/11/2004,Marti@gmail.com,Chiang Mai
64,Lacie,20/09/2018,Lacie@gmail.com,Memphis
65,Kara-Lynn,16/09/1967,Kara-Lynn@gmail.com,Manama
66,Lynea,19/03/1977,Lynea@gmail.com,Sapporo
67,Riannon,24/02/2019,Riannon@gmail.com,Tehran
68,Edee,08/06/1972,Edee@gmail.com,Oranjestad
69,Rebeca,29/08/1904,Rebeca@gmail.com,Amritsar
70,Myrtice,27/12/2010,Myrtice@gmail.com,Guatemala City
71,Candy,19/05/1918,Candy@gmail.com,Mwanza
72,Camile,10/06/1996,Camile@gmail.com,Portland
73,Donetta,12/10/2001,Donetta@gmail.com,Sapporo
74,Petronia,23/12/1927,Petronia@gmail.com,Ottawa
75,Joane,01/05/1983,Joane@gmail.com,Maputo
76,Jessy,14/10/2000,Jessy@gmail.com,South Tarawa
77,Chrystel,15/01/1923,Chrystel@gmail.com,Invercargill
78,Helena,11/04/2018,Helena@gmail.com,Taipei
79,Britni,14/01/1915,Britni@gmail.com,Kandahar
80,Ileana,26/02/1948,Ileana@gmail.com,Chennai
81,Marylou,28/12/1901,Marylou@gmail.com,Stockholm
82,Basia,19/05/1939,Basia@gmail.com,Harare
83,Sindee,12/12/1964,Sindee@gmail.com,Honiara
84,Tori,24/09/1907,Tori@gmail.com,Saint John
85,Dennie,25/12/1962,Dennie@gmail.com,Santa Cruz de la Sierra
86,Kaja,08/02/1968,Kaja@gmail.com,Shillong
87,Rivalee,30/06/2007,Rivalee@gmail.com,St. Louis
88,Candy,20/02/2012,Candy@gmail.com,Kansas City
89,Dominga,30/11/1944,Dominga@gmail.com,Kiev
90,Shandie,15/11/1981,Shandie@gmail.com,Bratsk
91,Rosaline,26/01/1969,Rosaline@gmail.com,Hilo
92,Neila,02/04/1941,Neila@gmail.com,Nouakchott
93,Hildegaard,06/08/1924,Hildegaard@gmail.com,Chennai
94,Briney,28/12/1916,Briney@gmail.com,Minsk
95,Misha,29/09/1921,Misha@gmail.com,Jacksonville
96,Karolina,05/07/1995,Karolina@gmail.com,Kandy
97,Adele,29/04/1993,Adele@gmail.com,Zanzibar City
98,Paola,18/11/1966,Paola@gmail.com,Bahía Blanca
99,Dolli,04/04/1938,Dolli@gmail.com,Bratsk
